{"cameraMode":{"drawMode":0,"name":"Shaded","section":"Shading Mode"},"sceneLighting":true,"audioPlay":false,"sceneViewState":{"showFog":true,"showMaterialUpdate":false,"showSkybox":true,"showFlares":true,"showImageEffects":true,"showParticleSystems":true},"in2DMode":false,"pivot":{"x":-0.02247411012649536,"y":0.8125438690185547,"z":-2.3323283195495607},"rotation":{"x":0.21981318295001985,"y":-0.6558535099029541,"z":0.2085057646036148,"w":0.6914215087890625},"size":4.869532108306885,"orthographic":false}