{"cameraMode":{"drawMode":0,"name":"Shaded","section":"Shading Mode"},"sceneLighting":false,"audioPlay":false,"sceneViewState":{"showFog":true,"showMaterialUpdate":false,"showSkybox":true,"showFlares":true,"showImageEffects":true,"showParticleSystems":true},"in2DMode":false,"pivot":{"x":0.0,"y":1.0299999713897706,"z":5.769999980926514},"rotation":{"x":0.14403507113456727,"y":0.6796079277992249,"z":-0.13869045674800874,"w":0.705798864364624},"size":2.8578836917877199,"orthographic":false}