{"cameraMode":{"drawMode":0,"name":"Shaded","section":"Shading Mode"},"sceneLighting":true,"audioPlay":false,"sceneViewState":{"showFog":true,"showMaterialUpdate":false,"showSkybox":true,"showFlares":true,"showImageEffects":true,"showParticleSystems":true},"in2DMode":false,"pivot":{"x":1.1819998025894166,"y":2.1676836013793947,"z":4.681179523468018},"rotation":{"x":0.21981318295001985,"y":-0.6558535099029541,"z":0.2085057646036148,"w":0.6914215087890625},"size":8.153889656066895,"orthographic":false}